Item,Cost,Weight,Uses,Book,Page,Comment
Com ScramblerCom Scrambler,6000,10,-,GWGW,46,"Mounted on a backpack frame. Disrupts all communications (Comlinks, HoloNet, Droid receivers) within 20km radius. Getting a signal in or out requires a Use Computer check vs scramblers Use Computer check (+10). Check must be made every minute.Mounted on a backpack frame. Disrupts all communications (Comlinks, HoloNet, Droid receivers) within 20km radius. Getting a signal in or out requires a Use Computer check vs scramblers Use Computer check (+10). Check must be made every minute."
"Comlink Add-on, Holo CapabilityComlink Add-on, Holo Capability",x5x5,,-,CRCR,134,The comlink now have holo capability 3D images in addition to audio.The comlink now have holo capability 3D images in addition to audio.
"Comlink Add-on, Video capabilityComlink Add-on, Video capability",x2x2,,-,CRCR,134,The comlink now have holo capability 2D images in addition to audio.The comlink now have holo capability 2D images in addition to audio.
"Comlink Add-on, EncryptionComlink Add-on, Encryption",x10x10,,-,CRCR,134,Hardwired encryption routines. DC +10 on Use Computer checks to intercept transmission.Hardwired encryption routines. DC +10 on Use Computer checks to intercept transmission.
"Comlink Add-on, TightbeamComlink Add-on, Tightbeam",300,0.5,-,GWGW,46,Add-on for any comlink or transceiver. Uses special lasers to send and receive encrypted messages from another individual also equipped with a tightbeam (Must be in LOS of each other). Communication can not be intercepted unless the interceptor is in direct path between the individuals using these devices.Add-on for any comlink or transceiver. Uses special lasers to send and receive encrypted messages from another individual also equipped with a tightbeam (Must be in LOS of each other). Communication can not be intercepted unless the interceptor is in direct path between the individuals using these devices.
"Comlink, EarbudComlink, Earbud",200,,-,GIGI,66,"Tiny comlink fitted for wearers ear. Can be programmed to initiate or receive transmissions when wearer touches his ear, clicks or grinds his teeth. Grants +5 to Deception checks to hide its presence. Range 50km or low-orbit.Tiny comlink fitted for wearers ear. Can be programmed to initiate or receive transmissions when wearer touches his ear, clicks or grinds his teeth. Grants +5 to Deception checks to hide its presence. Range 50km or low-orbit."
"Comlink, Hands-freeComlink, Hands-free",150,0.1,-,LL,65,"Several sound-absorbing pads, placed on face and linked to a earpiece. Can be adjusted to pick up whispers. Functions as a short-range comlink, can not have video or holo upgrades.Several sound-absorbing pads, placed on face and linked to a earpiece. Can be adjusted to pick up whispers. Functions as a short-range comlink, can not have video or holo upgrades."
"Comlink, Long-rangeComlink, Long-range",250,1,-,CRCR,134,Backpack-sized comset. Double cost for wrist sized version. Range 200km or High-orbit.Backpack-sized comset. Double cost for wrist sized version. Range 200km or High-orbit.
"Comlink, Short-rangeComlink, Short-range",25,0.1,-,CRCR,134,"Consists of a receiver, transmitter and power source. Come in a variety of shapes and styles. Range 50km or low-orbit.Consists of a receiver, transmitter and power source. Come in a variety of shapes and styles. Range 50km or low-orbit."
Holo ConverterHolo Converter,3000,2,-,GIGI,66,"Small device attached to a holoprojector to alter outgoing signal so the users appearance and voice are disguised. Can change gender and species. 10 different personae with rotating wardrobe, grants +5 to Deception for making receiver believe that user is another person.Small device attached to a holoprojector to alter outgoing signal so the users appearance and voice are disguised. Can change gender and species. 10 different personae with rotating wardrobe, grants +5 to Deception for making receiver believe that user is another person."
Mobile Hologram Projection PodMobile Hologram Projection Pod,10 00010 000,75,-,WW,,
Panic RingPanic Ring,300,,-,GIGI,66,Variety of shapes and sizes most common a large ornamental ring with a small button (DC 25 Perception to notice) when pushed sends an encrypted emergency signal to a group designated by the wearer. Range 100km. DC 25 Mechanics check to change signal fail by 5 activates it.Variety of shapes and sizes most common a large ornamental ring with a small button (DC 25 Perception to notice) when pushed sends an encrypted emergency signal to a group designated by the wearer. Range 100km. DC 25 Mechanics check to change signal fail by 5 activates it.
Pocket Scrambler,400,0.5,-,CR,134,Add-on device that can be attached to any normal communication device. Automatically encodes any outgoing message so it can only be read by a communication device with a linked pocket scrambler. DC30 Use Computer check to decrypt message.
Portable Beacon,1500,6.8,-,UR,41,"1m long, one end pointed and a tripod. Used to send out safe landing zones, warnings, distress signals. Can only be read by sensors. 10,000km range. Reprogramming the signal requires a datapad and a DC 10 Use Computer check."
Signal Wand,300,0.2,-,UR,42,"0,25m stick. Orbital range broadband comlink, if connected to power source can reach interstellar distances but must know where to point it. Also red external light so can transmit signals such as Mon Calamari blink code."
Targeting Beacon,300,0.1,-,GW,47,"Cylindrical beacon, Magnetical and a extendable spike for attaching. Sends out a pulse of light (visible, infrared, ultraviolet). So that allies who know the proper setting can spot. DC10 Mechanics to modify. In clear weather range 2km."
"Translator, Personal",2000,0.1,-,UR,41,Portable tiny shell. Only verbal translations to owners language +3 chosen languages. Operates at the lvl of a DC 10 droid translator unit.
Visual Wrist Comm,1300,0.25,10 days,C,66,"Small, flat, rectangular panel easily attaches to a glove. Sends and receives audio and visual signals and 2D holographic images, 75km low-orbit range. Also functions as a simple datapad that stores and receives information from droids, comm signals, computers."
Vox-box,200,0.1,-,CR,134,"Simple audio playback unit with 12 preprogrammed phrases in one language, each with its own button. Altering a phrase requires a DC 10 Use Computer check and takes 1min to change."
Antitox breath mask and Protective Goggles (Kel Dor),2000,,year,CR,28,Without protective goggles they are considered blind. Without an antiox breath mask they begin to suffocate. On Dorin price is 500cr and a years supply of filters 50cr. Kel Dor character begins play with this item at no cost.
Aquata breather,350,0.2,-,CR,136,2 hours breathable air through its mouthpiece.
Breath mask,200,2,-,CR,136,Mask that fits over nose and mouth and a hose connecting the mask to a portable life support system. 1 hour breathable air and grants immunity to inhaled poisons.
"Breath mask, atmosphere canister/filter",25,1,-,CR,137,Provides 1h breathable air for a breath mask. DC 10 Mechanics check to replace canister/filter.
Flight suit,1000,3,-,CR,137,Built-In Vacuum seals. +1 Fort Def. See Armor with same name for details.
Gand breathing apparatus (Gand),2000,,year,SV,9,Without an breathing apparatus they begin to suffocate. On Gand price is 500cr and a years supply of filters 50cr. Gand character begins play with this item at no cost.
Gand Transliterator (Gand),100,,-,SV,9,"Without a Transliterator, a gand can not communicate in any language other than Gand. Gand character begins play with this item at no cost."
Propulsion Pack,200,10,10,R,127,"Designed to enhance underwater movement. Sw Action to activate, gain swim speed of 8sq (-25% sqs if not worn with stabilization fins) until end of your turn. Do not need a Sw Action on subsequent rounds of use."
Space suit,2000,15,-,CR,137,Built-In Improved Vacuum seals. +2 Fort Def. See Armor with same name for details.
Vacuum mask,650,0.3,-,K,74,Automatically begins to flow 10 mins of breathable air when sensors on the mask detect a lack of breathable air i.e. atmosphere has vented. No replacement for a space suit.
Code CylinderCode CylinderCode Cylinder,500,0.1,-,CRCRCR,134,"Compact encoded security device to access computer data or entry into restricted facilities. It is a storage device with INT 10 and Will 15 and when trying to improve attitude it starts as hostile, If fail by 5 its self-destruct program activates and ruins the cylinder.Compact encoded security device to access computer data or entry into restricted facilities. It is a storage device with INT 10 and Will 15 and when trying to improve attitude it starts as hostile, If fail by 5 its self-destruct program activates and ruins the cylinder.Compact encoded security device to access computer data or entry into restricted facilities. It is a storage device with INT 10 and Will 15 and when trying to improve attitude it starts as hostile, If fail by 5 its self-destruct program activates and ruins the cylinder."
Computer Interface VisorComputer Interface VisorComputer Interface Visor,1200,0.5,-,KKK,73,Heads-up display that when connected to a computer displays relevant data. Translates complex computer algorithms allowing wearer to attempt trained-only applications of Use Computer even if untrained. Also provides +2 on Use Computer checks. Can not be worn with helmet or any other device worn on the head.Heads-up display that when connected to a computer displays relevant data. Translates complex computer algorithms allowing wearer to attempt trained-only applications of Use Computer even if untrained. Also provides +2 on Use Computer checks. Can not be worn with helmet or any other device worn on the head.Heads-up display that when connected to a computer displays relevant data. Translates complex computer algorithms allowing wearer to attempt trained-only applications of Use Computer even if untrained. Also provides +2 on Use Computer checks. Can not be worn with helmet or any other device worn on the head.
Computer SpikesComputer SpikesComputer Spikes,1500+1500+1500+,1,-,TTT,87,"Single-use program built into a basic piece of hardware that plugs directly into another computer. Sw Action to activate, the spike makes a single Use Computer check (+2 per 1500cr cost) that can only be used to improve access. Considered illegal.Single-use program built into a basic piece of hardware that plugs directly into another computer. Sw Action to activate, the spike makes a single Use Computer check (+2 per 1500cr cost) that can only be used to improve access. Considered illegal.Single-use program built into a basic piece of hardware that plugs directly into another computer. Sw Action to activate, the spike makes a single Use Computer check (+2 per 1500cr cost) that can only be used to improve access. Considered illegal."
"Computer, BracerComputer, BracerComputer, Bracer",1300,0.5,-,CCC,65,Datapad worn on forearm. Holographic 2D display and designed for one hand typing. Int 12Datapad worn on forearm. Holographic 2D display and designed for one hand typing. Int 12Datapad worn on forearm. Holographic 2D display and designed for one hand typing. Int 12
"Computer, PortableComputer, PortableComputer, Portable",5000,2,-,CRCRCR,136,Compact enough to be carried in a attaché case or backpack. INT 14.Compact enough to be carried in a attaché case or backpack. INT 14.Compact enough to be carried in a attaché case or backpack. INT 14.
"Computer, Xcalq Portable ""Slicer Special""Computer, Xcalq Portable ""Slicer Special""Computer, Xcalq Portable ""Slicer Special""",7500,2,-,LLL,140,"When used to slice Galactic Alliance systems, opposing system is automatically treated as friendly or helpful, granting +3 on all Use Computer checks made with that computer. INT 14.When used to slice Galactic Alliance systems, opposing system is automatically treated as friendly or helpful, granting +3 on all Use Computer checks made with that computer. INT 14.When used to slice Galactic Alliance systems, opposing system is automatically treated as friendly or helpful, granting +3 on all Use Computer checks made with that computer. INT 14."
Credit ChipCredit ChipCredit Chip,100,0.1,-,CRCRCR,134,"Small flat card. Can hold a specified number of credits or connected to an account. INT 10 and Will 15 (starts as hostile), If fail by 5 the chip is ruined. When friendly attitude you can withdraw credits from the chip. Modifying so that bank thinks it draws from another account or change the value stored Will 30 (starts as hostile) do not know if you succeeded until you attempt to use it. If fail it self-destructs. If fail by 5, it also traced your location and dispatched security personal.Small flat card. Can hold a specified number of credits or connected to an account. INT 10 and Will 15 (starts as hostile), If fail by 5 the chip is ruined. When friendly attitude you can withdraw credits from the chip. Modifying so that bank thinks it draws from another account or change the value stored Will 30 (starts as hostile) do not know if you succeeded until you attempt to use it. If fail it self-destructs. If fail by 5, it also traced your location and dispatched security personal.Small flat card. Can hold a specified number of credits or connected to an account. INT 10 and Will 15 (starts as hostile), If fail by 5 the chip is ruined. When friendly attitude you can withdraw credits from the chip. Modifying so that bank thinks it draws from another account or change the value stored Will 30 (starts as hostile) do not know if you succeeded until you attempt to use it. If fail it self-destructs. If fail by 5, it also traced your location and dispatched security personal."
Darth Krayt's HolocronDarth Krayt's HolocronDarth Krayt's Holocron,,,-,LLL,53,
"Datacards, Blank (10)Datacards, Blank (10)Datacards, Blank (10)",10,0.1,-,CRCRCR,136,Simple storage device intended solely for external storage for a computer. INT 2.Simple storage device intended solely for external storage for a computer. INT 2.Simple storage device intended solely for external storage for a computer. INT 2.
DatapadDatapadDatapad,1000,0.5,-,CRCRCR,136,"Handheld personal computer serve as notebooks, planners, calculators, sketchpads. Can interface with a larger computer network directly or via comlink. INT 12.Handheld personal computer serve as notebooks, planners, calculators, sketchpads. Can interface with a larger computer network directly or via comlink. INT 12.Handheld personal computer serve as notebooks, planners, calculators, sketchpads. Can interface with a larger computer network directly or via comlink. INT 12."
"Datapad, BasicDatapad, BasicDatapad, Basic",100,0.3,-,CRCRCR,136,"Storage device with display, input and editing capability. Can not run programs. Int 10.Storage device with display, input and editing capability. Can not run programs. Int 10.Storage device with display, input and editing capability. Can not run programs. Int 10."
HiBaka 2000 Mem-StikHiBaka 2000 Mem-StikHiBaka 2000 Mem-Stik,50,---,-,TTT,87,"Fine Size. Used to smuggle valuable information. Enough memory to carry a program, text, images and 1min of video data. Can be hidden inside a power pack slot of a standard blaster (+10 to Stealth checks to hide the Mem-Stik).Fine Size. Used to smuggle valuable information. Enough memory to carry a program, text, images and 1min of video data. Can be hidden inside a power pack slot of a standard blaster (+10 to Stealth checks to hide the Mem-Stik).Fine Size. Used to smuggle valuable information. Enough memory to carry a program, text, images and 1min of video data. Can be hidden inside a power pack slot of a standard blaster (+10 to Stealth checks to hide the Mem-Stik)."
"Holoprojector, PersonalHoloprojector, PersonalHoloprojector, Personal",1000,0.5,-,CRCRCR,136,Handheld personal hologram transmitter. To view real-time or recorded 3D images or pass the information via comlink. INT 2. Memory for 1 hour holo recording or 1000 holo images.Handheld personal hologram transmitter. To view real-time or recorded 3D images or pass the information via comlink. INT 2. Memory for 1 hour holo recording or 1000 holo images.Handheld personal hologram transmitter. To view real-time or recorded 3D images or pass the information via comlink. INT 2. Memory for 1 hour holo recording or 1000 holo images.
LectrotickerLectrotickerLectroticker,1500,1,-,TTT,87,"Small electronic device used to bypass electronic locks. Sw Action to activate, the lectroticker makes a single Mechanics check (+2 per 1500cr cost) to disable an electronic lock. Considered illegal.Small electronic device used to bypass electronic locks. Sw Action to activate, the lectroticker makes a single Mechanics check (+2 per 1500cr cost) to disable an electronic lock. Considered illegal.Small electronic device used to bypass electronic locks. Sw Action to activate, the lectroticker makes a single Mechanics check (+2 per 1500cr cost) to disable an electronic lock. Considered illegal."
Spacer's ChestSpacer's Chest,200,10,-,SVSV,52,Store possessions or even a person. Consumables for 1 person for 10days. Electronic licking mechanism that has a Will Def of 30.Store possessions or even a person. Consumables for 1 person for 10days. Electronic licking mechanism that has a Will Def of 30.
Triangulation VisorTriangulation Visor,1400,0.5,-,GWGW,47,"Heads-up display to help wielders that fire solid rounds to account for wind, gravity, distance and other effects. Reduces range category by 1. Can not be worn with helmet or any other device worn on the head.Heads-up display to help wielders that fire solid rounds to account for wind, gravity, distance and other effects. Reduces range category by 1. Can not be worn with helmet or any other device worn on the head."
Xcalq Stealth PackXcalq Stealth Pack,1500,,-,LL,141,"Software package. When another character attempts to locate, isolate or cut off your computer you gain +5 on the opposed Use Computer check.Software package. When another character attempts to locate, isolate or cut off your computer you gain +5 on the opposed Use Computer check."
ABC ScramblerABC Scrambler,3000,3,-,SVSV,52,"Worn on belt or attached to suit of armor and emits a false audio, biological and chemical signal to confuse missile guidance systems. +5 deflection bonus to Ref Def against grenade launchers and missile launchers.Worn on belt or attached to suit of armor and emits a false audio, biological and chemical signal to confuse missile guidance systems. +5 deflection bonus to Ref Def against grenade launchers and missile launchers."
Aural amplifierAural amplifier,2000,0.5,-,KK,73,"Worn on the head, amplifying sound waves from the direction of the wearers interest while dampening ambient noise. +5 on Perception checks when eavesdropping. Can not be worn with helmet or any other device worn on the head.Worn on the head, amplifying sound waves from the direction of the wearers interest while dampening ambient noise. +5 on Perception checks when eavesdropping. Can not be worn with helmet or any other device worn on the head."
"Aural amplifier, AmbientAural amplifier, Ambient",3000,0.5,-,RR,51,Improved smaller version. Runs on body heat. +5 to Perception when eavesdropping or to hear distant or ambient noises.Improved smaller version. Runs on body heat. +5 to Perception when eavesdropping or to hear distant or ambient noises.
Camouflage nettingCamouflage netting,6000,40,-,CC,65,Takes a FR Action and two people to deploy. Provides cover for a 6x6sq area and +5 bonus to all Stealth checks while under netting and partial concealment.Takes a FR Action and two people to deploy. Provides cover for a 6x6sq area and +5 bonus to all Stealth checks while under netting and partial concealment.
"Camouflage netting, poweredCamouflage netting, powered",6000,40,-,CC,65,Takes a FR Action and two people to deploy. Provides cover for a 6x6sq area and +10 bonus to all Stealth checks while under netting and partial concealment.Takes a FR Action and two people to deploy. Provides cover for a 6x6sq area and +10 bonus to all Stealth checks while under netting and partial concealment.
Communication scannerCommunication scanner,1000,1,-,GWGW,46,"Datapad-sized device used to intercept, analyze, decode and record comlink, transceiver, HoloNet transmissions. Unencrypted broadcasts are automatically picked up. DC 15 Use Computer to determine number and type of comm being broadcasted and received within a 50km radius, DC 20 for direction and distance. +5 on decipher encrypted messages that it receives. Also it functions as a Recording unit for the transmissions it intercepts.Datapad-sized device used to intercept, analyze, decode and record comlink, transceiver, HoloNet transmissions. Unencrypted broadcasts are automatically picked up. DC 15 Use Computer to determine number and type of comm being broadcasted and received within a 50km radius, DC 20 for direction and distance. +5 on decipher encrypted messages that it receives. Also it functions as a Recording unit for the transmissions it intercepts."
Decoy GlowrodDecoy Glowrod,100,4,-,FF,101,"Fully functional glowrod with a hallowed-out handle. 3kg of equipment, no one piece larger than Diminutive in size. Grants +10 on Stealth checks to hide the item.Fully functional glowrod with a hallowed-out handle. 3kg of equipment, no one piece larger than Diminutive in size. Grants +10 on Stealth checks to hide the item."
Demolitions sensorDemolitions sensor,1000,0.5,-,KK,73,Goggles that can detect explosives. +5 on Perception checks made to find mines and other planted explosives. Can not be worn with helmet or any other device worn on the head.Goggles that can detect explosives. +5 on Perception checks made to find mines and other planted explosives. Can not be worn with helmet or any other device worn on the head.
ElectrobinocularsElectrobinoculars,1000,1,-,CRCR,136,Grants Darkvision. Reduces range penalty on Perception to -1 per 10 sq (-5 per 10sq normally).Grants Darkvision. Reduces range penalty on Perception to -1 per 10 sq (-5 per 10sq normally).
Fusion lanternFusion lantern,25,2,-,CRCR,136,Hand-held. Produces light (6sq radius) and heat.Hand-held. Produces light (6sq radius) and heat.
Geological compressorGeological compressor,2000,,-,JJ,57,Used to make own lightsaber crystals.Used to make own lightsaber crystals.
Glow rodGlow rod,10,1,-,CRCR,136,Portable illumination device. Projects a beam of light up to 6sq.Portable illumination device. Projects a beam of light up to 6sq.
Halo lamp,30,1,-,C,66,Pocket-sized disc fits in a palm of a Human hand. 3-sq light radius. No heat.
Heat Sensor,250,0.2,-,T,37,"Monitors air temp up to 100m and presents color-coded readings on a small screen. +2 to Perception checks to detect hidden creatures, machines or hazards that generate heat."
Holoshroud,25 000,0.5,-,F,101,Advanced holoprojector. Created nearly perfect visual illusion over wearer. Store 1 image to disguise wearer (DC 15 Use Computer to change image). Grants +10 on Deception checks made to produce a deceptive appearance that matches the image. Sw Action to turn on/off.
Microlab,1800,0.8,-,UR,41,"Handheld portable laboratory for analyzing substances. Quick identification of a material and you can not wait for the results of a full analysis. DC 15 Knowledge (Physical sciences) to complete examination, results are displayed on the devices small screen."
Motion sensing visor,2500,0.5,-,K,74,Tracks movement and highlights moving objects with color-coded warnings. +5 on Perception checks against targets that have moved atleast 1sq since the end of the wearers last turn. Wearer must spend 2 additional Sw Actions when using the Recovery Action. Can not be worn with helmet or any other device worn on the head.
Neural band,3500,0.5,-,K,74,Reinforces various synapses throughout the brain. Granting +2 to Will Def but -2 on DT. Can not be worn with helmet or any other device worn on the head.
Proximity flare,50,0.5,-,GW,47,"Small cylinder with a spike on the bottom. When any Small or larger character, creature, droid or vehicle comes within a 3sq radius, the flare launches creating a bright light illuminating a 10sq radius. Can avoid tripping it by making a DC 25 Stealth check."
Radiation detector,20,,-,GW,47,Worn on wrist or on the front of armor or uniforms. Alerts the used (vibrating or audible alarm) to the presence of radiation within 6 squares.
"Recording unit, Audiorecorder",25,0.1,-,CR,136,"Recorder with a playback feature. INT 1 and 1 Memory unit. DC 15 Use Computer check to modify a recording (edit, erase or rearrange order of events) To notice tampering (Perception if observing, Use Computer if inspecting data) vs. your Use Computer check. If modifying without first uploading data to a computer add units INT mod to the check (-5). 100 hours of high-quality sound."
"Recording unit, Holorecorder",100,0.1,-,CR,136,"See Recording unit, Audiorecorder. 1 hour of high-quality holos."
"Recording unit, Videorecorder",50,0.1,-,CR,136,"See Recording unit, Audiorecorder. 10 hours of high-quality video."
Sensor pack,1500,9,-,CR,136,"Portable, bulky rectangle with dials, switches, display and scanning dish. Provides general details on comm signals, life forms and hazards within 1km. S Action to operate +5 circumstance bonus on your Perception checks until the end of your next turn."
Sonar mapper,400,1,-,UR,42,"Specialized sensor system emits sonar pulses at regular intervals, mapping an area though echolocation. Used when a standard sensor pack does not work. Range 100m. Can record up to 12h of readings, making a good backup map if user becomes lost."
Sound sponge,3500,1,-,F,102,"Small electronic device emits sound waves above and below normal hearing range. Muffles all sound in 6sq radius, Increases Perception check DC to hear noises by 10 in area."
Spy bug,1300,0.5,-,L,66,"Diminutive bioengineered insect that records sight and sound within 20sqs. Functions as a holorecorder unit but when retrieved the past 24h can be extracted. DC 25 Mechanics check to retrieve data via normal electronic devices. It registers as a life form on sensors, not as an electronic device."
Stealth field generator,5000,0.2,5,K,74,"Small unobtrusive device worn on the belt. Emits a sound-dampening field and bend light around the wearer. Sw Action to activate and grants concealment (but not total concealment) when activated and lasts until end of encounter, until wearer takes dmg or until wearer atks or uses a force power, whichever comes first."
Surveillance Detector,450,0.5,-,GI,67,"Small, handheld device that scans area for eavesdropping devices and surveillance taggers. +10 to Perception checks for locating active and passive surveillance devices within 6sq. Can be set to display or emit an alarm when such attempts are detected."
Surveillance Tagger,450,0.5,-,GI,67,"Tiny unassuming tube containing a Fine sized dart. When fired it attaches itself to target (successful ranged atk, 6sq range) and activates a homing beacon. Range of 1km and enough power to transmit for 40hours. -20 on Perception to notice dart. Track movements with a DC10 Use computer check and a datapad or similar."
Ultraviolet visor (Defel),2000,,-,GI,12,Visors that allow Defels whom only see ultraviolet to see in normal light. Without them they are considered blind. Defel character begins play with this item at no cost.
Veridicator,4000,0.1,-,GI,67,"Bracelet, monitors vitals of a target within 6sq and determining if the target is lying, transmits the information back to the wearer as a series of vibrations. Needs 1 round to gather information then provides a +5 bonus on Perception checks for the purpose of sensing deception, influence or for gambling against other players (like Sabacc). Programmed for only one species at a time (DC 10 Use computer check to change species)."
Vid-Vox Scrambler,3400,0.5,1 week,GI,67,"Tiny handheld. Scrambles all audio, video, holographic surveillance in sq and adjacent sqs. DC 30 Use Computer or Perception to pick up only scattered words and phrases."
BioscannerBioscanner,3500,0.5,-,CC,65,Handheld scanner used to help diagnose medical conditions in their patients. Displays vital statistics and analyzes and diagnoses any anomalies. +2 bonus on all Knowledge (Life sciences) checks made to indentify ailments.Handheld scanner used to help diagnose medical conditions in their patients. Displays vital statistics and analyzes and diagnoses any anomalies. +2 bonus on all Knowledge (Life sciences) checks made to indentify ailments.
Bacta tank (empty)Bacta tank (empty),100000,500,-,CRCR,137,"Specialized tank. Can be used in conjunction with surgery, If success patient heals an additional HP equal to its CL. Provides +5 on Treat Injury checks when treating disease, poison or radiation in a creature. Holds 300L and must have atleast 150L in it to work.Specialized tank. Can be used in conjunction with surgery, If success patient heals an additional HP equal to its CL. Provides +5 on Treat Injury checks when treating disease, poison or radiation in a creature. Holds 300L and must have atleast 150L in it to work."
"Bacta, 1 literBacta, 1 liter",100,2,-,CRCR,137,Powerful healing agent which promotes rapid healing. 1 hour treatment consumes 1 liter.Powerful healing agent which promotes rapid healing. 1 hour treatment consumes 1 liter.
Medical kitMedical kit,600,20,-,CRCR,138,"Backpack sized. Includes everything a first responder needs to save a life. Diagnostic scanner, anti-venom, medicine to countereract effects of contaminated water, radiation, burn treatments, defibrillator, respirator, shock blankets, pressure cuffs, repulsorlist stretcher (160kg load) and limited surgical tools, 6 external storage pouches. You need a medical kit to use Revive, Treat Disease, Poison, Radiation, Acid applications of the Treat Injury skill (CR 74).Backpack sized. Includes everything a first responder needs to save a life. Diagnostic scanner, anti-venom, medicine to countereract effects of contaminated water, radiation, burn treatments, defibrillator, respirator, shock blankets, pressure cuffs, repulsorlist stretcher (160kg load) and limited surgical tools, 6 external storage pouches. You need a medical kit to use Revive, Treat Disease, Poison, Radiation, Acid applications of the Treat Injury skill (CR 74)."
MedpacMedpac,100,1,-,CRCR,138,"Compact packages that contains bandages, bacta, synthetic flesh, coagulants, stimulants and other medicines designed to help an injured patient recover quickly. Once used it if expended. Needed to use First Aid application of the Treat Injury skill.Compact packages that contains bandages, bacta, synthetic flesh, coagulants, stimulants and other medicines designed to help an injured patient recover quickly. Once used it if expended. Needed to use First Aid application of the Treat Injury skill."
Surgery kitSurgery kit,1000,10,-,CRCR,138,"Needed to use install Cybernetic Prosthesis, Heal Damage applications of the Treat Injury skill. (CR 74 for details).Needed to use install Cybernetic Prosthesis, Heal Damage applications of the Treat Injury skill. (CR 74 for details)."
Antitoxin PatchAntitoxin Patch,25,,dayday,GIGI,66,"Adhesive patch applied near the stomach that emits a low dose of antitoxin, giving wearer a +10 to Fort Def against ingested poisons and +5 to fort Def against inhaled poisons. Lasts for 24h. For each consecutive day that an antitoxin patch is worn, target moves 1 step down CT.Adhesive patch applied near the stomach that emits a low dose of antitoxin, giving wearer a +10 to Fort Def against ingested poisons and +5 to fort Def against inhaled poisons. Lasts for 24h. For each consecutive day that an antitoxin patch is worn, target moves 1 step down CT."
Toxin DetectorToxin Detector,700,0.5,-,GIGI,67,Tiny handheld device scans food and drink to determine if it is spoiled or contains poison. S Action to use. Range 1sq and contains data for up to 100 species. Can be set to blink (green/red) or vibrate slightly when a toxin is detected. For +100 credits it can be disguised as a bracelets or piece of jewelry.Tiny handheld device scans food and drink to determine if it is spoiled or contains poison. S Action to use. Range 1sq and contains data for up to 100 species. Can be set to blink (green/red) or vibrate slightly when a toxin is detected. For +100 credits it can be disguised as a bracelets or piece of jewelry.
Anti-rad doseAnti-rad dose,50,,-,GWGW,45,Comes in a tough hypodermic syringe. Grants +10 to Fort Def against radiation and +5 to Treat Injury checks made to cure dmg caused by radiation.Comes in a tough hypodermic syringe. Grants +10 to Fort Def against radiation and +5 to Treat Injury checks made to cure dmg caused by radiation.
Cryogenic pouchCryogenic pouch,600,1.5,-,GWGW,46,"Small canister. Opening releases a pouch large enough to hold a single Medium creature (DR 5 0 HPs). FR Action wrapping it and when sealed it releases a cryogenic compound that causes the creature inside to enter suspended animation, stabilizing his condition from transport to a proper medical facility. A creature reduced to 0 HP due to poison, radiation or dmg surpassing its DT can be stabilized without dying within 1d3 rounds of being placed inside pouch, remains unconscious and moves -5 on CT. Enough power for 24h but can be hooked up with an alternative power supply (DC 10 Mechanics check).Small canister. Opening releases a pouch large enough to hold a single Medium creature (DR 5 0 HPs). FR Action wrapping it and when sealed it releases a cryogenic compound that causes the creature inside to enter suspended animation, stabilizing his condition from transport to a proper medical facility. A creature reduced to 0 HP due to poison, radiation or dmg surpassing its DT can be stabilized without dying within 1d3 rounds of being placed inside pouch, remains unconscious and moves -5 on CT. Enough power for 24h but can be hooked up with an alternative power supply (DC 10 Mechanics check)."
"Medical bundle, 8-2AMedical bundle, 8-2A",200,1,-,JJ,63,"Small package with basic items needed to treat ailments and disease. Counts as a medical kit for the purpose of using the Treat Injury skill, but only if target is currently in a Force Trance.Small package with basic items needed to treat ailments and disease. Counts as a medical kit for the purpose of using the Treat Injury skill, but only if target is currently in a Force Trance."
Medical interface visorMedical interface visor,1500,0.5,-,KK,73,Analyzes visuals and provides tips and assistance in a variety of medical situations. Allowing wearer to attempt trained-only applications of Treat Injury even if untrained. Also provides +2 on Treat Injury checks. Can not be worn with helmet or any other device worn on the head.Analyzes visuals and provides tips and assistance in a variety of medical situations. Allowing wearer to attempt trained-only applications of Treat Injury even if untrained. Also provides +2 on Treat Injury checks. Can not be worn with helmet or any other device worn on the head.
MDS-50 MedisensorMDS-50 Medisensor,75,0.1,-,TT,36,"Small handheld device produces a summary of patients vital signs. Sw Action on adjacent creature provides the targets current HPs, place in CT and the presence of (but not specifics) diseases, poison or radiation exposure.Small handheld device produces a summary of patients vital signs. Sw Action on adjacent creature provides the targets current HPs, place in CT and the presence of (but not specifics) diseases, poison or radiation exposure."
"Medpac, FastFleshMedpac, FastFlesh",600,0.5,-,TT,54,Broader range of medical instruments than a standard medpack. +5 on Treat Injury to perform First Aid application of the Treat Injury skill. Otherwise functions as a normal medpack.Broader range of medical instruments than a standard medpack. +5 on Treat Injury to perform First Aid application of the Treat Injury skill. Otherwise functions as a normal medpack.
Antidote synthesizerAntidote synthesizer,2500,0.8,-,URUR,40,Portable device that can analyze a small amount of toxin/poison that is inserted into the machines sample tube. In 1d6 rounds it creates 1d4 doses of antitoxin that each grant +2 bonus on Treat Injury checks made to treat the toxin/poison. To reproduce more antidote requires a new sample of the poison or toxin.Portable device that can analyze a small amount of toxin/poison that is inserted into the machines sample tube. In 1d6 rounds it creates 1d4 doses of antitoxin that each grant +2 bonus on Treat Injury checks made to treat the toxin/poison. To reproduce more antidote requires a new sample of the poison or toxin.
Emergency vacuum seal,750,0.9,-,UR,40,Disk-shaped is a biomechanical device designed to quickly seal a starships interior during a hull breach by placing the seal over the breach. An electrical current stimulates series of microorganisms quickly multiply. When using the Jury-rig applications on a starship that has suffered a hull breach this allow the ship to move +1 additional step on CT.
Hypoinjector wristband,350,0.1,5 days,UR,40,"Small inconspicuous metal band, Can help wearer to avoid succumbing to the effects of poisons or harmful chemicals. Stores 8 doses of vaccines, antidotes or other medication (not included). Also houses a bioscanner that detect any foreign chemicals that the device can counteract and distributes if needed. Refilling takes a S Action per dose or 4 rounds for entire set."
All-temperature cloak,100,1.5,-,CR,138,Wrap-around cloak protects its wearer from elements. +5 to Fort Def vs. extreme heat or cold.
"Battle harness, Sith",5000,90,-,J,64,Designed to turn a large beast into a mobile weapon platform. Grants +2 to Ride checks. Grants mount +4 to Ref Def and to Fort Def. Built-in blaster cannon powered by an onboard fusion generator providing unlimited ammunition.
Camouflage netting,2000,5,-,GW,46,"2 deploy in full round or 1 in 1 minute, +5 Stealth & v. sensors for an object Huge or smaller"
Camouflage poncho,2000 (125*),1.5,-,GW,46,Can be worn over armor or cloths. Special materials track the surrounding area and alter the pattern on the poncho to match. +2 (+5*)on Stealth checks. *RAW
Chain,25,2.5,-,CR,138,"3 Meters long. DR 10, HP 5, STR 44, Break DC 32."
Field food processor,1500,4,year,GW,47,"Used to provide sustenance from local flora and fauna. 3 lbs (1.36kg) of plants, meat or fungus can be placed inside after 1min a gray paste, extremely bland but edible and nutritious is produced (10 different species). +10 to Fort Def checks against any poison, toxin or radiation that might have been in the initial ingredients."
Field kit,1000,10,-,CR,138,"Backpack full of survival gear. 2 condensing Canteens with purification system, a Sunshield roll, 1 weeks rations, 2 Glow rods, an All-temperature cloak and 2 Breath masks (with 24 filters and 12 canisters). Needed to use the Endure extreme temperatures application of the Survival skill."
Fire paste,15,0.1,5,UR,40,"Paste in tube can be placed on any surface, including ice and wet wood. A single spark ignites it. Burns for 3d4 min. If applied to a living creature it causes 1d6 dmg as long as it burns and remains in contact with the creature or object."
Fire rod,25,0.1,-,UR,40,10cm plastic tube containing 2 chambers with chemicals when mixed they ignite within seconds. Burns for 2d8 minutes without additional fuel.
Jet pack,300,30,10,CR,138,"Strap on propulsion system allowing flight over short distances, Arm and wrist controls are employed for maneuvering. Sw action to activate (not needed on continuous rounds) gain a fly speed of 6sq until end of your turn. Routine maneuvers do not require a Pilot check. DC 20 Pilot check to land after moving more than 12sq during the same round, fail fall prone. Has 10 charges (fuel cell cost 100cr) and can lift up to 180kg."
"Jetpack, Hush-About Personal",3750,30,6,F,101,Jetpack engineered to produce little or no noise beyond a high-pitch whine. Wearer takes no penalty to Stealth checks because of speed while using it.
Liquid cable dispenser,10,0.2,-,CR,138,"Contains a liquid that solidifies to a flexible cable 15m. Not meant to be reused. Cable STR 28, Break DC 24, 560kg."
Ooglith Masquer,,,-,W,,Deception +5
Personal field shelter,500,1.5,-,GW,47,Small package when activated expands to a small narrow tent (single medium creature) As long as the user is sealed inside +10 Fort Def against extreme heat/colt. 1h breathable atmosphere protecting against inhaled poisons. Blends with surroundings +2 on Stealth checks to hide it.
Plasma bridge,12500,700,-,GW,47,"Plasma generator creating a 6sq wide and up to 120sq long surface. Must be connected with a power generator. When deactivated, destroyed or disconnected bridge last for 2 rounds."
Plast tent,300,2.7,-,UR,41,High-grade polymer shelter. Fully inflated (few minutes) it forms a triangular structure 2m tall (4 medium size creatures). Easily moved and strong enough to withstand most weather conditions. Can have a small piece of equipment (Sensor array) mounted onto it.
Ration pack,5,0.1,-,CR,138,Fine sized pack with nourishment for a person for 1 day. Geared for a range of species. Is not appetizing and does not include water.
Shipsuit,200,1,-,UR,42,Coverall made by tough synthmech fabric. Enough pockets and pouches to carry 24 objects of Small size no more than 1kg each. Cumulative weight of the objects is halved when calculating wearers total carried weight. +1 to Fort Def when resisting extreme temperatures.
Subsonic field emitter,120,0.2,-,UR,42,Generates a subsonic pulse in a 6m radius designed to allow beings to relax without being disturbed by natural pests. Tiny or smaller creatures with a INT of 2 or less can not willfully enter the radius.
Syntherope,20,2.5,-,CR,138,"Coil of 45m rope. STR 30, Break DC 25, 720kg."
Vacuum survival pouch,800,1,-,GW,47,"Small cylinder that can be worn in belt. If loss of pressure it automatically deploys enveloping user in a protective bubble (single medium character) with air, heat and pressure to survive in hard vacuum for 2h. 2HP."
Water extractor,400,3.2,-,UR,42,"Cone-shaped apparatus that attracts water vapor from the air. Water accumulates, contaminants and toxins are filtered out. Tests on Tatooine yielded enough water in 16h to sustain a humanoid for a full day."
Antisecurity Blades (Jango Fett)Antisecurity Blades (Jango Fett),,,-,TT,19,Electronic devices allow Jango to bypass force fields and jam security devices with a burst of high- frequency waves. +2 on Mechanics checks made to disable devices.Electronic devices allow Jango to bypass force fields and jam security devices with a burst of high- frequency waves. +2 on Mechanics checks made to disable devices.
Binder cuffsBinder cuffs,50,0.5,-,CRCR,139,"Durasteel restraints designed to lock two limbs of a prisoner together. Removing them without the 7-digit code requires a DC 25 Mechanics check. Works on Small, Medium or Large creatures. DR 10, HP 20, STR 40, Break DC 30.Durasteel restraints designed to lock two limbs of a prisoner together. Removing them without the 7-digit code requires a DC 25 Mechanics check. Works on Small, Medium or Large creatures. DR 10, HP 20, STR 40, Break DC 30."
Biotech tool kitBiotech tool kit,450,1,-,LL,65,Consists of a variety of implants and tools that look more than at home in a medical kit than in a tool kit. Designed to modify Yuuzhan Vong biotechnology. Needed to use the Biotech Repair application of the Treat Injury skill.Consists of a variety of implants and tools that look more than at home in a medical kit than in a tool kit. Designed to modify Yuuzhan Vong biotechnology. Needed to use the Biotech Repair application of the Treat Injury skill.
"Cage, Energy universalCage, Energy universal",20000,3000,-,JJ,64,"Spherical cage energy flowing through bars delivering shock to prisoners trying to free themselves. Designed to contain Force-user (can only UtF at very low lvls like healing themselves). All Functions (i.e. turning it off) are controlled by a handheld remote. DR 20, HP 150, DT 25, every time it takes 15+ dmg it delivers 4d8 stun dmg to the prisoner.Spherical cage energy flowing through bars delivering shock to prisoners trying to free themselves. Designed to contain Force-user (can only UtF at very low lvls like healing themselves). All Functions (i.e. turning it off) are controlled by a handheld remote. DR 20, HP 150, DT 25, every time it takes 15+ dmg it delivers 4d8 stun dmg to the prisoner."
"Cage, ForceCage, Force",7000,25,-,SVSV,52,Large size (2x2sq) cage whose bars are charged with electricity. Assembled/disassembled in 5min. Deals 3d6 energy dmg to anyone trying to break into or out of the cage. Break DC 30. Deactivated using a remote (treat as portable computer INT 16).Large size (2x2sq) cage whose bars are charged with electricity. Assembled/disassembled in 5min. Deals 3d6 energy dmg to anyone trying to break into or out of the cage. Break DC 30. Deactivated using a remote (treat as portable computer INT 16).
"Cage, ShieldCage, Shield",10000,20,-,GIGI,67,"Flat disk 2m in diameter, portable shield generator used to trap a target rather than protect it from harm. Produces a shield bubble (SR 15) that fills a single square (can be linked) rendering the target immobilized (can breath and communicate trough shield).Flat disk 2m in diameter, portable shield generator used to trap a target rather than protect it from harm. Produces a shield bubble (SR 15) that fills a single square (can be linked) rendering the target immobilized (can breath and communicate trough shield)."
Climbing harnessClimbing harness,45,0.7,-,URUR,40,"Secures the wearer to a climb line, providing several attachment points for anchor lines. When making a Climb check you fall only if you fail by 10 or more.Secures the wearer to a climb line, providing several attachment points for anchor lines. When making a Climb check you fall only if you fail by 10 or more."
Droid diagnosticDroid diagnostic,400,2,-,GWGW,46,Handheld device about twice the size of a datapad designed to diagnose and analyze the functions of any droid connected to it displaying dmg or errors in droids systems. +2 on Mechanics check for a droid connected to it.Handheld device about twice the size of a datapad designed to diagnose and analyze the functions of any droid connected to it displaying dmg or errors in droids systems. +2 on Mechanics check for a droid connected to it.
Energy cellEnergy cell,10,,-,CRCR,139,Small flat disk. Battery for devices.Small flat disk. Battery for devices.
Fire extinguisherFire extinguisher,50,3,-,CRCR,139,"Put out a fire up to 10sq in size at a rate of 1sq per round before depleted. FR Action, Can be used to provide total concealment, cloud spreads 1sq in all directions for every round it is activated. Dissipates after 3 rounds (no matter size) 10 uses.Put out a fire up to 10sq in size at a rate of 1sq per round before depleted. FR Action, Can be used to provide total concealment, cloud spreads 1sq in all directions for every round it is activated. Dissipates after 3 rounds (no matter size) 10 uses."
Force detectorForce detector,2000,9,-,JJ,63,"Can have many forms (blood samples for medichlorian counts, thaissen crystals) Regardless of form it requires 5 rounds and a DC 15 Use Computer check to activate and indicates if the target has the Force Sensitivity feat.Can have many forms (blood samples for medichlorian counts, thaissen crystals) Regardless of form it requires 5 rounds and a DC 15 Use Computer check to activate and indicates if the target has the Force Sensitivity feat."
Force training aidForce training aid,25,1,-,JJ,63,"Many forms (toys, puzzles) designed to help Younglings make connections to the Force easier. Any creature untrained in UtF can after spending on hour with the training aid use any one ""trained only"" aspect of the UtF skill within the next 24h.Many forms (toys, puzzles) designed to help Younglings make connections to the Force easier. Any creature untrained in UtF can after spending on hour with the training aid use any one ""trained only"" aspect of the UtF skill within the next 24h."
Lock Breaking KitLock Breaking Kit,8000,4,-,SVSV,52,Some very advanced and highly specialized tools. Highly illegal. +2 on Mechanics and Use Computer checks to bypass doors and airlocks on a starship.Some very advanced and highly specialized tools. Highly illegal. +2 on Mechanics and Use Computer checks to bypass doors and airlocks on a starship.
Man TrapMan Trap,8000,19,-,SVSV,52,"Reversed repulsor field that draws a target directly down, as though high gravity. Covers 1sq and any creature entering that sq is immediately immobilized. M Action to break out, requiring DC 40 STR check. Deactivated using a remote (treat as portable computer INT 16).Reversed repulsor field that draws a target directly down, as though high gravity. Covers 1sq and any creature entering that sq is immediately immobilized. M Action to break out, requiring DC 40 STR check. Deactivated using a remote (treat as portable computer INT 16)."
Mechanical interface visor,1250,0.5,-,K,73,Translates images received though visual sensors and scans them for mechanical designs. Allowing wearer to attempt trained-only applications of Mechanics even if untrained. Also provides +2 on Mechanics checks. Can not be worn with helmet or any other device worn on the head.
Mesh tape,5,0.5,-,CR,139,"Roll with adhesive tape 30m long and 5cm wide. STR 15, 90kg (180kg for 5 rounds) Break DC 20."
"Multitool, personal",100,0.2,50h,UR,41,"A low-tech device that holds miniature versions of several simple tools that can be useful. 5cm vibroblade (1d4 dmg), Low-power hydrospanner, small hydrogrip, toothpick, miniature set of eating utensils."
Power generator,750,15,-,CR,139,"Small fusion reactor used to power Heavy weapons, Vehicles, Structures and Machinery. Can power up to a Gargantuan vehicle/structure indefinitely, Colossal for 1day and Colossal (frigate) for 1h. After that it is disabled and must be repaired. If destroyed in use it overloads and explodes, wenting plasma on every target within 4sq. (Area Atk 1d20+10 vs Ref Def for 8d6 energy dmg)."
Power pack,25,0.1,-,CR,139,Compact rectangular battery.
Power recharger,100,1,-,CR,139,"Used to recharge power packs/energy cells (takes 4h only one battery can be recharged at a time) Enough power to recharge 100 batteries, but is normally connected to a power supply."
Redirection Crystal,500,,-,GI,67,Fine size (Ref Def 15) crystal filled with Tibanna gas and has a small blasting tube used to redirect blast fire in a established angle. If hit make a second atk roll at -10 and additional range penalties against intended target. Gets destroyed when hit requiring a DC 30 Perception check to notice and a DC 30 Knowledge (technology) check to identify.
Repulsor hitch,100,3,-,UR,41,Small repulsorlift encased in a durasteel shell that can be attached to a cable or another extension. When activated it can lift items weighing up to 200kg.
Repulsor pad,200,6,-,F,102,Flat board with 4 repulsors designed to ease manual labor. Occupies a single sq and can lift an object that occupies 1sq (more pads can be linked for larger items) Sw Action to activate and Sw Action to have pad(s) move along with a character. If pulled in opposite directions make opposed STR checks and pad will move along the victor.
"Saddle, riding",125,4,-,UR,41,Must be made to conform to the type of creature for which they are used. Most vendors selling mounts include the cost for the saddle with the purchase of the creature.
"Saddle, war",250,6,-,UR,42,"Offers a sturdier platform for the rider. +2 on Ride checks made to control the mount in battle, to guide the mount with knees or stay in saddle."
Security kit,750,1,-,CR,139,Special tools for bypassing electronic and mechanical locks. Includes electronic components and dedicated sensor devices and monitors frequencies used by silent alarms to alert if one is triggered. Illegal on most worlds without proper permits. Needed to use the Disable Device application of the Mechanics skill.
Tool kit,250,1,-,CR,139,"Represents a broad collection of tools designed to take apart, analyze, modify and rebuild almost any technological device can be used as makeshift weapons (-5 on atk rolls). Electroshock probe (1d8 ion), Fusion cutter (2d6 energy), Hydrospanner, Laser welder (1d8 energy), Power calibrator, Power prybar (1d8 bludgeon), Probe sensors, Sonic welder (1d8 energy), various circuits and wires, vibro cutters and welding goggles. Needed to use the Bio Adaptation, Booby Trap, Build Object, Environmental Adaptation, Hot Shot, Improvised Connection, Modify Droid, Repair Droid applications of the Mechanics skill."
Utility belt,500,4,-,CR,140,"Has several pouches containing 3 days food, 1 Medpack, 1 Tool kit, 1 power pack, 1 Energy cell, 1 Glow rod, 1 Comlink, Short, 1 Liquid cable with grappling hook, 2 empty (up to 0,5kg each)."
Bandolier,100,2,-,CR,140,"Usually worn around their left or right shoulder down across their torso, or as a large belt. Has 12 slots each can hold a Tiny weapon or a single piece of equipment (max 0.5kg)."
Computerized interface scope,2000,0.5,-,R,51,"Small electrobinocular device, mounted onto a weapon. Projects a targeting image onto a monocle or helmet display worn by the wielder. Image projected by scope can be transmitted by comlink to a remote location allowing others to see what the wielder sees. Reduces range of the target by 1 category when aiming. otherwise mechanically identical to a targeting scope."
Flash Suppressor/Silencer,400,0.2,-,GI,66,Fits over a muzzle of any Small or larger slugthrower. Imposes a -10 to Perception checks to hear sound or spot the flash. Reduced the max range of the weapon by 2 range increments.
"Holster, Concealed",50,0.2,-,CR,140,"Designed to keep a weapon out of sight but still easily accessed. Available for Single bladed lightsabers and Small or Tiny weapons. Can be a shoulder holster, under jacket,west or cloak (or for Tiny and single lightsaber ankle, boot or wrist holster). Allows a character to draw his weapon without provoking an AoO. M Action to draw/holster the weapon (normally a S Action for a concealed item). -5 on Stealth checks to conceal."
"Holster, Hip",25,0.5,-,CR,140,"Generally available for all types of weapons. Can be a holster, sheath, strap, hanger that holds the weapon in an easily accessed and easily seen location. Allows a character to draw his weapon without provoking an AoO. M Action to draw/holster the weapon."
Mask of Darth Nihilus,,,-,UR,220,"Gain Force Sensitivity and Force Training feat or 2x Force training if worn by a Jedi or Sith. Half of those powers must have [Dark Side] descriptor. When wearer uses a Force Power or Spend a Force point gain a DSP. If wearer uses a number of Force power equal to his CON mod in a single encounter, wearer moves -1 on CT persistent condition (Removed only when wearer takes off the mask)."
Repulsor boots,200,2,-,UR,41,Footwear allows wearer to float up to 0.5m above the ground. Max speed of 2sq per round. Not an optimal method of travel but grants +10 to Climb checks.
"Targeting scope, Enhanced low-light",1000,1.2,-,CR,140,Installing a scope on a rifle or pistol requires 10min and a DC 10 Mechanics check. Functions as a standard scope in normal light. But after aiming at a target allows wielder to ignore concealment (but not total concealment) from darkness when attacking that target.
"Targeting scope, standard",100,0.2,-,CR,140,Installing a scope on a rifle or pistol requires 10min and a DC 10 Mechanics check. Reduces range by one category but must aim to gain benefit and lose if lose LOS.
Body spikesBody spikesBody spikes,1400,,-,LLL,68,Automatically deals 1d4 P/S dmg when grappling or being grappled.Automatically deals 1d4 P/S dmg when grappling or being grappled.Automatically deals 1d4 P/S dmg when grappling or being grappled.
Cosmetic enhancementsCosmetic enhancementsCosmetic enhancements,200,,-,LLL,68,Can not be rejected. No penalty on UtF checks.Can not be rejected. No penalty on UtF checks.Can not be rejected. No penalty on UtF checks.
Enhanced visionEnhanced visionEnhanced vision,1900,,-,LLL,68,Gains darkvision.Gains darkvision.Gains darkvision.
Natural armorNatural armorNatural armor,7000,,-,LLL,68,"Gain natural armor of 1, or +1 (to Ref Def)if recipient already has natural armor.Gain natural armor of 1, or +1 (to Ref Def)if recipient already has natural armor.Gain natural armor of 1, or +1 (to Ref Def)if recipient already has natural armor."
Natural weaponNatural weaponNatural weapon,4000,,-,LLL,68,"Natural weapon now does 1d6 slash dmg, considered armed.Natural weapon now does 1d6 slash dmg, considered armed.Natural weapon now does 1d6 slash dmg, considered armed."
Poison filterPoison filterPoison filter,2500,,-,LLL,68,#ERROR!
Replacement body partReplacement body partReplacement body part,2000,,-,LLL,68,"Once a replacement limb or organ is attached, it performs just as well as the original limb.Once a replacement limb or organ is attached, it performs just as well as the original limb.Once a replacement limb or organ is attached, it performs just as well as the original limb."
Bao-Dur's cybernetic armBao-Dur's cybernetic armBao-Dur's cybernetic arm,,,-,KKK,176,"Energy cell must be recharged every 48h. Successful unarmed strike against a energy shield of some sort. If SR below 15 it is disabled, if above SR 15 it lowers the shields SR by 5. Ineffective against shields protecting Gargantuan or larger starships and vehicles.Energy cell must be recharged every 48h. Successful unarmed strike against a energy shield of some sort. If SR below 15 it is disabled, if above SR 15 it lowers the shields SR by 5. Ineffective against shields protecting Gargantuan or larger starships and vehicles.Energy cell must be recharged every 48h. Successful unarmed strike against a energy shield of some sort. If SR below 15 it is disabled, if above SR 15 it lowers the shields SR by 5. Ineffective against shields protecting Gargantuan or larger starships and vehicles."
BioTech Borg Construct AJ-6BioTech Borg Construct AJ-6BioTech Borg Construct AJ-6,80000,,-,RRR,149,See Borg Construct.See Borg Construct.See Borg Construct.
Borg ConstructBorg ConstructBorg Construct,80000,,-,GWGWGW,49,"Provides cabled or wireless link to computers within 10m. Up to 4 Biotech knowledge cartridges or datacard ports. Gain +2 circumstance bonus to Use Computers, Knowledges and other skills (GMs discretion). Can Issue routine commands application of Use computers as Sw Action (F Action with Gimmick talent). User takes -5 to all Persuasion checks and speak less frequently. Rejection +14 , Surgery cost 70000. Restricted.Provides cabled or wireless link to computers within 10m. Up to 4 Biotech knowledge cartridges or datacard ports. Gain +2 circumstance bonus to Use Computers, Knowledges and other skills (GMs discretion). Can Issue routine commands application of Use computers as Sw Action (F Action with Gimmick talent). User takes -5 to all Persuasion checks and speak less frequently. Rejection +14 , Surgery cost 70000. Restricted.Provides cabled or wireless link to computers within 10m. Up to 4 Biotech knowledge cartridges or datacard ports. Gain +2 circumstance bonus to Use Computers, Knowledges and other skills (GMs discretion). Can Issue routine commands application of Use computers as Sw Action (F Action with Gimmick talent). User takes -5 to all Persuasion checks and speak less frequently. Rejection +14 , Surgery cost 70000. Restricted."
Borg Construct Knowledge cartridgeBorg Construct Knowledge cartridgeBorg Construct Knowledge cartridge,100,,-,GWGWGW,49,INT 4 instead of the normal INT 2.INT 4 instead of the normal INT 2.INT 4 instead of the normal INT 2.
Borg Construct Datacard/Know cart portBorg Construct Datacard/Know cart portBorg Construct Datacard/Know cart port,500*500*500*,,-,GWGWGW,49,*Per port (one is included in the Borg Construct).*Per port (one is included in the Borg Construct).*Per port (one is included in the Borg Construct).
"Comlink, SubcutaneousComlink, SubcutaneousComlink, Subcutaneous",4000,,-,GWGWGW,49,"Sensor and transmitter attached to vocal and auditory organs of the host. Can use without making a sound loud enough for others to hear. Rejection +3 , Surgery cost 3000. Restricted.Sensor and transmitter attached to vocal and auditory organs of the host. Can use without making a sound loud enough for others to hear. Rejection +3 , Surgery cost 3000. Restricted.Sensor and transmitter attached to vocal and auditory organs of the host. Can use without making a sound loud enough for others to hear. Rejection +3 , Surgery cost 3000. Restricted."
Cybernetic ProsthesisCybernetic Prosthesis,1500,,-,CRCR,137,Performs as well as the original limb with these exceptions. You now take full dmg from Ion dmg atks. You not take -1 on UtF checks per prosthesis (maximum to a -5). Can not be rejected. Surgery cost 500cr. Also in GW 49. Have 1 upgrade slot.Performs as well as the original limb with these exceptions. You now take full dmg from Ion dmg atks. You not take -1 on UtF checks per prosthesis (maximum to a -5). Can not be rejected. Surgery cost 500cr. Also in GW 49. Have 1 upgrade slot.
"Eye, infrared sensorEye, infrared sensor",300,,-,GWGW,49,"Grants the host darkvision. Rejection +14 , Surgery cost 2250. Restricted.Grants the host darkvision. Rejection +14 , Surgery cost 2250. Restricted."
"Eye, targetingEye, targeting",500,,-,GWGW,49,"Host gain +2 equipment bonus to Perception and low-light vision. Rejection +16 , Surgery cost 3750. Military.Host gain +2 equipment bonus to Perception and low-light vision. Rejection +16 , Surgery cost 3750. Military."
"Eye, telescopingEye, telescoping",500,,-,GWGW,49,"Eye can zoom in on remote objects. Range penalties to Perception every 20sq instead of every 10sq as normal. Rejection +9 , Surgery cost 3750. Restricted.Eye can zoom in on remote objects. Range penalties to Perception every 20sq instead of every 10sq as normal. Rejection +9 , Surgery cost 3750. Restricted."
Rhen-Orm BiocomputerRhen-Orm Biocomputer,,,-,TT,17,Anzati implanted this biocomputer in Aurra Sings skull. Expand range of awareness and sense. When making Survival checks to track add an equipment bonus equal to her quarry's Force points to her checks. Counts as a Cybernetic prosthesis.Anzati implanted this biocomputer in Aurra Sings skull. Expand range of awareness and sense. When making Survival checks to track add an equipment bonus equal to her quarry's Force points to her checks. Counts as a Cybernetic prosthesis.
Sensory enhancementSensory enhancement,800,,-,GWGW,50,"Augmentations on nerve endings in various sensory organs. Reduce by 2 any penalty to Perception checks made to notice a target with concealment or total concealment. Rejection +14 , Surgery cost 3000. Restricted.Augmentations on nerve endings in various sensory organs. Reduce by 2 any penalty to Perception checks made to notice a target with concealment or total concealment. Rejection +14 , Surgery cost 3000. Restricted."
Skeletal reinforcementSkeletal reinforcement,10000,,-,GWGW,50,"Enhances hosts skeleton with high-impact polymers. +2 equipment bonus to damage threshold. Rejection +12 , Surgery cost 50000. Restricted.Enhances hosts skeleton with high-impact polymers. +2 equipment bonus to damage threshold. Rejection +12 , Surgery cost 50000. Restricted."
Subelectronic converterSubelectronic converter,23000,,-,JJ,64,Computerized device that is implemented into the head. May use mind-affecting effecting Force powers on droid despite the droids immunity. Recipient takes a -2 on Will Def in addition to the normal effect of having a cybernetic enhancement.Computerized device that is implemented into the head. May use mind-affecting effecting Force powers on droid despite the droids immunity. Recipient takes a -2 on Will Def in addition to the normal effect of having a cybernetic enhancement.
Tremor sensorTremor sensor,400,,-,GWGW,50,"Installed in feet of host, detects vibrations in the ground warning host of approaching enemies. No penalty to Perception checks to notice targets that have concealment or total concealment provided the target moved on its last turn. Rejection +7 , Surgery cost 3750. Restricted.Installed in feet of host, detects vibrations in the ground warning host of approaching enemies. No penalty to Perception checks to notice targets that have concealment or total concealment provided the target moved on its last turn. Rejection +7 , Surgery cost 3750. Restricted."
Bio-stabilizerBio-stabilizer,1750,,-,KK,74,Teaches the brain to synthesize antidotes. Immune to poison.Teaches the brain to synthesize antidotes. Immune to poison.
CardioCardio,4000,,-,KK,74,Sends vital chemicals to the heart and other organs. Gain +1 HP per level.Sends vital chemicals to the heart and other organs. Gain +1 HP per level.
CombatCombat,5000,,-,KK,74,Transmits basic knowledge of a variety of weapons into the mind of its user. Eliminates penalties to atk rolls for weapons user is not proficient with.Transmits basic knowledge of a variety of weapons into the mind of its user. Eliminates penalties to atk rolls for weapons user is not proficient with.
MemoryMemory,2000,,-,KK,74,"Augments the memory. Reroll any Knowledge check, keeping the better result.Augments the memory. Reroll any Knowledge check, keeping the better result."
Nerve ReinforcementNerve Reinforcement,5000,,-,KK,75,"Augments the signals sent from the brain through the central nervous system, making the senses difficult to overload through conventional means. +5 DT against stun dmg.Augments the signals sent from the brain through the central nervous system, making the senses difficult to overload through conventional means. +5 DT against stun dmg."
Regenerative,4250,,-,K,75,Coaxes the healing sections of the brain. Recovers x2 HP from natural healing.
Sensory,2500,,-,K,75,Augments the minds natural ability to process visual data. Grants a user low-light vision or Darkvision if the character already has low-light vision.